frame_id,features_size,matching_stab_ms,matching_ms,triangulate_ms,tracking_ms,total_ms,fps
1,277,3.117,22.837,0.311,19.215,123.785,36.531
2,437,2.483,26.491,0.479,23.4,56.046,33.745
3,498,3.637,7.865,0.546,3.537,32.263,89.5977
4,507,4.372,8.726,0.543,3.682,33.519,84.6812
5,493,2.7,11.808,0.531,8.409,36.383,66.72
6,519,2.554,8.484,0.548,5.306,33.459,87.6117
7,494,2.812,9.533,0.554,6.075,34.255,77.0238
8,461,3.323,8.743,0.49,4.831,32.945,84.3953
9,458,2.662,14.398,0.494,11.122,39.222,55.5401
10,457,2.626,8.152,0.491,4.934,32.608,88.9205
11,471,2.549,8.671,0.499,5.538,34.183,84.4309
12,437,2.475,6.503,0.462,3.475,31.686,104.877
13,425,2.68,18.24,0.458,14.971,43.355,46.6287
14,435,2.736,24.185,0.461,20.886,49.538,36.2345
15,467,2.422,24.207,0.514,21.152,50.582,35.7987
16,448,2.364,19.784,0.49,16.83,45.513,43.3088
17,441,2.294,23.791,0.482,20.915,49.738,36.7202
18,410,2.487,24.185,0.436,21.175,51.108,35.8886
19,410,2.48,10.504,0.447,7.477,36.37,75.0582
20,420,2.602,8.797,0.442,5.657,34.775,84.9762
21,419,3.183,12.789,0.447,9.059,38.582,61.885
22,377,3.138,7.105,0.405,3.473,31.821,100.03
23,381,2.585,7.917,0.405,4.865,32.433,90.6372
24,392,2.511,17.294,0.417,14.274,43.324,48.0977
25,396,2.361,14.297,0.421,11.436,40.569,57.0223
26,394,2.433,12.485,0.418,9.559,38.309,63.5042
27,398,2.429,9.774,0.425,6.784,36.133,76.9408
28,382,2.469,23.722,0.405,20.762,48.513,37.3846
29,386,2.788,23.779,0.412,20.474,49.039,36.8243
30,401,2.291,9.363,0.421,6.547,34.531,77.3156
31,387,2.571,8.675,0.438,5.562,33.987,84.2034
32,361,2.869,9.102,0.385,5.724,33.917,81.3537
33,394,3.322,12.153,0.431,8.268,36.978,64.7501
34,380,2.741,10.128,0.419,6.843,35.743,74.677
35,363,2.352,9.023,0.387,6.214,33.086,82.9669
36,393,2.523,16.712,0.429,13.678,43.017,49.8082
37,436,2.377,18.64,0.476,15.715,44.198,45.6684
38,458,2.863,24.18,0.487,20.73,49.624,36.1154
39,401,2.459,23.655,0.423,20.691,49.611,36.9099
40,400,2.372,22.609,0.422,19.732,49.002,38.4261
41,392,2.706,9.992,0.429,6.778,35.551,76.3009
42,409,2.365,11.555,0.446,8.672,37.589,67.2043
43,403,2.317,22.962,0.429,20.131,49.542,37.9925
44,399,2.271,22.357,0.422,19.567,48.005,39.0107
45,385,2.273,23.253,0.428,20.449,48.856,37.5657
46,400,2.362,23.039,0.422,20.142,49.001,37.7686
47,409,2.761,7.907,0.438,4.611,33.112,91.7852
48,399,2.33,12.341,0.42,9.516,38.173,63.9632
49,389,2.302,8.423,0.429,5.596,34.732,85.5139
50,410,2.348,8.072,0.431,5.208,34.739,87.7578
51,420,3.059,11.302,0.448,7.692,36.913,70.1262
52,429,2.356,8.159,0.469,5.21,33.805,87.9817
53,408,2.315,11.624,0.469,8.671,38.357,65.8241
54,421,2.239,19.643,0.452,16.831,45.176,43.7484
55,419,2.288,9.044,0.486,6.197,34.822,82.8089
56,417,2.326,15.722,0.455,12.853,41.149,52.3588
57,415,2.749,18.175,0.453,14.884,43.512,46.9925
58,408,2.328,14.117,0.439,11.262,40.533,57.1952
59,428,2.581,10.189,0.467,7.061,35.708,75.7748
60,448,2.393,16.035,0.487,13.073,42.174,52.2384
61,402,2.471,10.342,0.427,7.367,35.877,73.7572
62,391,2.302,8.746,0.427,5.945,34.682,82.2707
63,398,2.616,14.851,0.436,11.699,40.29,55.7911
64,389,2.282,8.991,0.425,6.199,33.773,82.8844
65,385,2.242,7.757,0.409,5.017,32.861,89.9847
66,359,2.419,8.683,0.392,5.797,33.747,83.1393
67,375,2.389,6.368,0.402,3.498,30.629,104.613
68,396,2.346,5.759,0.418,2.931,30.994,112.676
69,407,2.677,5.672,0.447,2.468,30.27,115.101
70,426,2.218,5.811,0.447,3.04,31.316,112.841
71,422,2.315,5.472,0.461,2.615,31.068,117.966
72,405,2.26,5.897,0.432,3.096,30.76,109.709
73,435,2.206,6.227,0.48,3.464,31.143,107.527
74,471,2.426,10.711,0.5,7.702,36.167,71.5973
75,459,2.286,8.503,0.493,5.638,33.366,85.5871
76,460,2.381,5.945,0.507,2.978,31.206,109.397
77,475,2.355,9.579,0.499,6.637,34.211,80.2246
78,527,2.349,8.419,0.555,5.43,32.98,87.5197
79,537,3.286,7.561,0.573,3.628,33.631,93.5541
80,561,2.328,9.274,0.607,6.274,34.548,81.6526
81,540,2.337,7.855,0.581,4.85,33.345,90.6125
82,551,2.28,5.805,0.582,2.838,31.423,112.12
83,554,2.282,10.541,0.609,7.586,36.415,72.5953
84,574,2.565,5.812,0.607,2.57,31.126,116.659
85,602,2.274,5.98,0.668,2.924,31.118,109.051
86,581,2.217,11.316,0.615,8.415,37.228,68.5871
87,571,2.22,8.114,0.645,5.185,33.757,90.2201
88,558,2.192,6.397,0.601,3.525,31.703,104.723
89,561,2.195,5.66,0.624,2.775,31.193,116.986
90,551,2.287,16.024,0.596,13.045,41.625,51.6022
91,523,2.222,6.577,0.556,3.691,31.364,103.466
92,534,2.295,18.547,0.582,15.534,43.977,45.4545
93,533,2.66,8.549,0.564,5.252,33.949,85.7412
94,529,2.242,7.052,0.563,4.165,31.994,98.5319
95,489,2.228,6.391,0.537,3.525,31.942,105.485
96,469,3.046,6.397,0.51,2.753,32.034,102.817
97,440,2.721,8.13,0.472,4.87,33.003,87.2829
98,398,2.337,8.466,0.426,5.634,33.133,86.0511
99,380,2.6,6.807,0.409,3.701,31.816,101.502
100,446,3.252,13.099,0.479,9.289,49.948,35.759
101,420,2.933,16.853,0.469,13.358,41.799,49.9002
102,424,2.387,18.555,0.492,15.554,43.712,46.516
103,417,2.258,13.547,0.451,10.77,38.805,59.1051
104,450,2.19,23.43,0.479,20.694,48.792,37.7444
105,192,2.542,21.01,0.21,18.182,46.659,41.5541
106,437,2.092,23.053,0.481,20.401,48.354,38.2468
107,319,2.468,5.719,0.345,2.828,31.601,115.674
108,411,2.841,22.995,0.445,19.646,49.303,37.9795
109,328,2.437,12.225,0.362,9.358,39.531,65.3723
110,332,2.439,10.339,0.357,7.481,36.456,74.744
111,457,2.441,24.07,0.492,21.072,50.774,36.8094
112,407,2.652,8.673,0.499,5.431,36.035,86.1178
113,478,2.733,15.552,0.513,12.19,41.412,53.2311
114,484,2.815,13.495,0.526,10.061,39.501,59.1961
115,486,2.79,22.334,0.519,18.95,48.916,39.1114
116,478,2.702,24.557,0.509,21.276,52.099,35.7731
117,491,3.306,24.864,0.527,20.939,56.314,35.7424
118,458,2.54,13.223,0.489,10.111,42.888,60.6686
119,492,2.853,13.598,0.597,10.014,39.647,60.1178
